NBA Season,Team,# (H) Games,(H) Attendance Season,(H) Capacity %,(H) Capacity Season,(H) Avg Attendance,(H) % Capacity,# (A) Games,(A) Attendance Season,(A) Avg Attendance,(A) Capacity % ,(H) & (A) Avg,(H) & (A) PCT
2008-2009,Atlanta Hawks,41,686688,18118,742838,16748.4878,89.4,41,17303,89.6,82,17026,89.5
2009-2010,Atlanta Hawks,41,678375,18118,742838,16545.73171,88.3,41,17097,88.5,82,16821,88.4
2010-2011,Atlanta Hawks,41,641596,18118,742838,15648.68293,83.6,41,16957,87.9,82,16303,85.75
2011-2012,Atlanta Hawks,33,501593,18118,597894,15199.78788,81.2,33,16820,87.1,66,16010,84.15
2012-2013,Atlanta Hawks,41,620146,18118,742838,15125.5122,80.8,41,17165,89,82,16145,84.9
2013-2014,Atlanta Hawks,41,587927,18118,742838,14339.68293,76.6,41,17274,89.5,82,15807,83.05
2014-2015,Atlanta Hawks,41,713909,18118,742838,17412.41463,93,41,17582,90.8,82,17497,91.9
2015-2016,Atlanta Hawks,41,690150,18118,742838,16832.92683,89.9,41,17611,91,82,17222,90.45
2016-2017,Atlanta Hawks,41,690150,18118,742838,16832.92683,89.9,41,17611,91,82,17222,90.45
2008-2009,Boston Celtics,41,763584,18624,763584,18624,100,41,18975,98.2,82,18800,99.1
2009-2010,Boston Celtics,41,744961,18624,763584,18169.78049,97.6,41,18154,93.9,82,18162,95.75
2010-2011,Boston Celtics,41,763584,18624,763584,18624,100,41,18964,98,82,18794,99
2011-2012,Boston Celtics,33,614592,18624,614592,18624,100,33,18288,94.3,66,18456,97.15
2012-2013,Boston Celtics,40,744960,18624,744960,18624,100,41,17768,91.8,81,18196,95.9
2013-2014,Boston Celtics,41,742400,18624,763584,18107.31707,97.2,41,17484,90.5,82,17796,93.85
2014-2015,Boston Celtics,41,721350,18624,763584,17593.90244,94.5,41,17741,91.9,82,17667,93.2
2015-2016,Boston Celtics,41,749076,18624,763584,18270.14634,98.1,41,17439,90.5,82,17855,94.3
2016-2017,Boston Celtics,41,749076,18624,763584,18270.14634,98.1,41,17439,90.5,82,17855,94.3
2008-2009,Brooklyn/New Jersey Nets,41,621062,17732,727012,15147.85366,75.8,41,17586,91,82,16367,83.4
2009-2010,Brooklyn/New Jersey Nets,41,537230,17732,727012,13103.17073,69.1,41,16446,85.4,82,14775,77.25
2010-2011,Brooklyn/New Jersey Nets,41,581378,17732,727012,14179.95122,80.6,41,17098,88.4,82,15639,84.5
2011-2012,Brooklyn/New Jersey Nets,33,460719,17732,585156,13961.18182,75.5,33,17081,87.9,66,15521,81.7
2012-2013,Brooklyn/New Jersey Nets,41,704702,17732,727012,17187.85366,94.9,41,17239,89.1,82,17213,92
2013-2014,Brooklyn/New Jersey Nets,41,707331,17732,727012,17251.97561,95.3,41,17528,90.6,82,17390,92.95
2014-2015,Brooklyn/New Jersey Nets,41,698529,17732,727012,17037.29268,94.1,41,18039,92.9,82,17538,93.5
2015-2016,Brooklyn/New Jersey Nets,41,620142,17732,727012,15125.41463,83.6,41,18106,93.6,82,16616,88.6
2016-2017,Brooklyn/New Jersey Nets,41,620142,17732,727012,15125.41463,83.6,41,18106,93.6,82,16616,88.6
2008-2009,Charlotte Hornets,40,581049,19077,763080,14526.225,76.3,41,17310,89.5,81,15918,82.9
2009-2010,Charlotte Hornets,41,648790,19077,782157,15824.14634,82.9,41,16256,84.7,82,16040,83.8
2010-2011,Charlotte Hornets,41,649694,19077,782157,15846.19512,83.1,41,16473,85.5,82,16160,84.3
2011-2012,Charlotte Hornets,33,486984,19077,629541,14757.09091,77.4,33,16534,85.5,66,15646,81.45
2012-2013,Charlotte Hornets,41,628293,19077,782157,15324.21951,80.3,41,16502,85.6,82,15913,82.95
2013-2014,Charlotte Hornets,41,636268,19077,782157,15518.73171,81.3,41,17026,88,82,16272,84.65
2014-2015,Charlotte Hornets,41,704886,19077,782157,17192.34146,90.1,41,17654,91.1,82,17423,90.6
2015-2016,Charlotte Hornets,41,716894,19077,782157,17485.21951,91.7,41,17784,92.4,82,17635,92.05
2016-2017,Charlotte Hornets,41,716894,19077,782157,17485.21951,91.7,41,17784,92.4,82,17635,92.05
2008-2009,Chicago Bulls,40,847903,21711,868440,21197.575,97.6,41,17558,93.6,81,19378,95.6
2009-2010,Chicago Bulls,41,849760,20917,857597,20725.85366,99.1,41,17735,92.2,82,19230,95.65
2010-2011,Chicago Bulls,41,893462,20917,857597,21791.7561,104.2,41,18431,96.1,82,20111,100.15
2011-2012,Chicago Bulls,33,731326,20917,690261,22161.39394,105.9,33,17989,93.5,66,20075,99.7
2012-2013,Chicago Bulls,41,896944,20917,857597,21876.68293,104.6,41,18144,94.4,82,20010,99.5
2013-2014,Chicago Bulls,41,890370,20917,857597,21716.34146,103.8,41,17551,91.1,82,19634,97.45
2014-2015,Chicago Bulls,41,875091,20917,857597,21343.68293,102,41,18404,95.7,82,19874,98.85
2015-2016,Chicago Bulls,41,894659,20917,857597,21820.95122,104.3,41,18156,94.5,82,19988,99.4
2016-2017,Chicago Bulls,41,894659,20917,857597,21820.95122,104.3,41,18156,94.5,82,19988,99.4
2008-2009,Cleveland Cavaliers,41,820439,20562,843042,20010.70732,97.3,41,18899,97.9,82,19455,97.6
2009-2010,Cleveland Cavaliers,41,843042,20562,843042,20562,100,41,19200,100.2,82,19881,100.1
2010-2011,Cleveland Cavaliers,41,824595,20562,843042,20112.07317,97.8,41,16200,84.1,82,18156,90.95
2011-2012,Cleveland Cavaliers,33,525577,20562,678546,15926.57576,77.5,33,16723,86.5,66,16325,82
2012-2013,Cleveland Cavaliers,41,663882,20562,843042,16192.2439,78.7,41,16780,87.3,82,16486,83
2013-2014,Cleveland Cavaliers,41,710522,20562,843042,17329.80488,84.3,41,17388,90.4,82,17359,87.35
2014-2015,Cleveland Cavaliers,41,843042,20562,843042,20562,100,41,18915,98.3,82,19739,99.15
2015-2016,Cleveland Cavaliers,41,843042,20562,843042,20562,100,41,18910,98.2,82,19736,99.1
2016-2017,Cleveland Cavaliers,41,843042,20562,843042,20562,100,41,18910,98.2,82,19736,99.1
2008-2009,Dallas Mavericks,41,821723,20000,820000,20042.02439,104.4,41,17102,89.6,82,18572,97
2009-2010,Dallas Mavericks,41,819770,20000,820000,19994.39024,104.1,41,17129,90.2,82,18562,97.15
2010-2011,Dallas Mavericks,41,824162,20000,820000,20101.5122,104.7,41,16657,87.7,82,18379,96.2
2011-2012,Dallas Mavericks,33,671050,20000,660000,20334.84848,105.9,33,17712,93,66,19023,99.45
2012-2013,Dallas Mavericks,41,821490,20000,820000,20036.34146,104.4,41,17613,92.5,82,18825,98.45
2013-2014,Dallas Mavericks,41,817982,20000,820000,19950.78049,103.9,41,17268,90.8,82,18609,97.35
2014-2015,Dallas Mavericks,41,827702,20000,820000,20187.85366,105.1,41,17653,92.7,82,18920,98.9
2015-2016,Dallas Mavericks,41,825901,20000,820000,20143.92683,104.9,41,17727,93.4,82,18935,99.15
2016-2017,Dallas Mavericks,41,825901,20000,820000,20143.92683,104.9,41,17727,93.4,82,18935,99.15
2008-2009,Denver Nuggets,41,706165,19155,785355,17223.53659,89.9,41,17227,90.2,82,17225,90.05
2009-2010,Denver Nuggets,41,737812,19155,785355,17995.41463,93.9,41,17446,91.9,82,17721,92.9
2010-2011,Denver Nuggets,41,692968,19155,785355,16901.65854,88.2,41,17285,90.8,82,17093,89.5
2011-2012,Denver Nuggets,33,561966,19155,632115,17029.27273,88.9,33,17228,91.1,66,17129,90
2012-2013,Denver Nuggets,41,730616,19155,785355,17819.90244,93,41,17401,91.1,82,17610,92.05
2013-2014,Denver Nuggets,41,692898,19155,785355,16899.95122,88.2,41,17211,90.3,82,17055,89.25
2014-2015,Denver Nuggets,41,602707,19155,785355,14700.17073,76.7,41,17437,91.5,82,16069,84.1
2015-2016,Denver Nuggets,41,577898,19155,785355,14095.07317,73.6,41,17751,93.2,82,15923,83.4
2016-2017,Denver Nuggets,41,577898,19155,785355,14095.07317,73.6,41,17751,93.2,82,15923,83.4
2008-2009,Detroit Pistons,41,896971,22076,905116,21877.34146,99.1,41,18024,93.6,82,19951,96.35
2009-2010,Detroit Pistons,41,768826,22076,905116,18751.85366,84.9,41,17104,89.4,82,17928,87.15
2010-2011,Detroit Pistons,41,683080,22076,905116,16660.4878,75.5,41,16732,87.5,82,16696,81.5
2011-2012,Detroit Pistons,33,475638,22076,728508,14413.27273,65.3,33,16342,85.3,66,15378,75.3
2012-2013,Detroit Pistons,41,606094,22076,905116,14782.78049,67,41,16885,87.9,82,15834,77.45
2013-2014,Detroit Pistons,41,615238,22076,905116,15005.80488,68,41,17280,90.1,82,16143,79.05
2014-2015,Detroit Pistons,41,625917,22076,905116,15266.26829,69.2,41,17866,93,82,16566,81.1
2015-2016,Detroit Pistons,41,677138,22076,905116,16515.56098,74.8,41,17814,93,82,17165,83.9
2016-2017,Detroit Pistons,41,677138,22076,905116,16515.56098,74.8,41,17814,93,82,17165,83.9
2008-2009,Golden State Warriors,41,776660,19596,803436,18942.92683,96.7,41,16942,88.8,82,17942,92.75
2009-2010,Golden State Warriors,41,739120,19596,803436,18027.31707,92,41,16443,86.7,82,17235,89.35
2010-2011,Golden State Warriors,41,766398,19596,803436,18692.63415,95.4,41,17049,89.6,82,17871,92.5
2011-2012,Golden State Warriors,33,622311,19596,646668,18857.90909,96.2,33,16364,86.1,66,17611,91.15
2012-2013,Golden State Warriors,41,794320,19596,803436,19373.65854,98.9,41,17204,90.5,82,18289,94.7
2013-2014,Golden State Warriors,41,803436,19596,803436,19596,100,41,17526,92,82,18561,96
2014-2015,Golden State Warriors,41,803436,19596,803436,19596,100,41,18312,96.2,82,18954,98.1
2015-2016,Golden State Warriors,41,803436,19596,803436,19596,100,41,19134,100.5,82,19365,100.25
2016-2017,Golden State Warriors,41,803436,19596,803436,19596,100,41,19134,100.5,82,19365,100.25
2008-2009,Houston Rockets,40,699280,18300,732000,17482,96.9,41,17589,91.7,81,17536,94.3
2009-2010,Houston Rockets,41,677658,18300,750300,16528.2439,91.6,41,16616,87.3,82,16572,89.45
2010-2011,Houston Rockets,41,663839,18300,750300,16191.19512,89.7,41,16943,88.9,82,16567,89.3
2011-2012,Houston Rockets,33,506994,18300,603900,15363.45455,85.1,33,17733,93.2,66,16548,89.15
2012-2013,Houston Rockets,41,683564,18300,750300,16672.29268,92.4,41,17982,94,82,17327,93.2
2013-2014,Houston Rockets,41,743082,18300,750300,18123.95122,100.4,41,17427,91.1,82,17775,95.75
2014-2015,Houston Rockets,41,747412,18300,750300,18229.56098,101,41,17969,94,82,18099,97.5
2015-2016,Houston Rockets,41,737244,18300,750300,17981.56098,99.7,41,17740,93.3,82,17861,96.5
2016-2017,Houston Rockets,41,737244,18300,750300,17981.56098,99.7,41,17740,93.3,82,17861,96.5
2008-2009,Indiana Pacers,41,581472,18500,758500,14182.2439,78.1,41,16628,85.7,82,15405,81.9
2009-2010,Indiana Pacers,41,582295,18500,758500,14202.31707,78.2,41,16955,87.9,82,15579,83.05
2010-2011,Indiana Pacers,41,555077,18500,758500,13538.46341,74.5,41,16844,87,82,15191,80.75
2011-2012,Indiana Pacers,33,467561,18500,610500,14168.51515,78,33,16597,85.9,66,15383,81.95
2012-2013,Indiana Pacers,41,626069,18500,758500,15269.97561,84.1,40,17061,87.9,81,16165,86
2013-2014,Indiana Pacers,41,717542,18500,758500,17501.02439,96.3,41,17872,92.5,82,17687,94.4
2014-2015,Indiana Pacers,41,691434,18500,758500,16864.2439,92.8,41,17892,92.4,82,17378,92.6
2015-2016,Indiana Pacers,41,690733,18500,758500,16847.14634,92.7,41,17851,92.3,82,17349,92.5
2016-2017,Indiana Pacers,41,690733,18500,758500,16847.14634,92.7,41,17851,92.3,82,17349,92.5
2008-2009,Los Angeles Clippers,40,646830,19060,762400,16170.75,84.8,41,17202,89.9,81,16686,87.35
2009-2010,Los Angeles Clippers,41,670063,19060,781460,16343,85.7,41,16225,85.3,82,16284,85.5
2010-2011,Los Angeles Clippers,41,727462,19060,781460,17742.97561,93.1,41,17614,92.7,82,17678,92.9
2011-2012,Los Angeles Clippers,33,634237,19060,628980,19219.30303,100.8,33,18342,96.8,66,18781,98.8
2012-2013,Los Angeles Clippers,41,788293,19060,781460,19226.65854,100.9,41,17806,93.4,82,18516,97.15
2013-2014,Los Angeles Clippers,41,787692,19060,781460,19212,100.8,41,17218,90.4,82,18215,95.6
2014-2015,Los Angeles Clippers,41,785892,19060,781460,19168.09756,100.6,41,18079,94.7,82,18624,97.65
2015-2016,Los Angeles Clippers,41,786910,19060,781460,19192.92683,100.7,41,17792,93.6,82,18492,97.15
2016-2017,Los Angeles Clippers,41,786910,19060,781460,19192.92683,100.7,41,17792,93.6,82,18492,97.15
2008-2009,Los Angeles Lakers,41,778877,18997,778877,18997,99.7,40,19268,100.8,81,19133,100.25
2009-2010,Los Angeles Lakers,41,778877,18997,778877,18997,99.7,41,19265,101.2,82,19131,100.45
2010-2011,Los Angeles Lakers,41,778877,18997,778877,18997,99.7,41,19087,100.2,82,19042,99.95
2011-2012,Los Angeles Lakers,33,626901,18997,626901,18997,99.7,33,19034,100.1,66,19016,99.9
2012-2013,Los Angeles Lakers,41,778877,18997,778877,18997,99.7,41,18866,99,82,18932,99.35
2013-2014,Los Angeles Lakers,41,771974,18997,778877,18828.63415,98.8,41,17845,93.6,82,18337,96.2
2014-2015,Los Angeles Lakers,41,768244,18997,778877,18737.65854,98.3,41,17875,93.6,82,18306,95.95
2015-2016,Los Angeles Lakers,41,778877,18997,778877,18997,99.7,41,19149,100.9,82,19073,100.3
2016-2017,Los Angeles Lakers,41,778877,18997,778877,18997,99.7,41,19149,100.9,82,19073,100.3
2008-2009,Memphis Grizzlies,40,509806,18119,724760,12745.15,70.3,41,17101,89.3,81,14923,79.8
2009-2010,Memphis Grizzlies,41,552914,18119,742879,13485.70732,74.4,41,16691,87.6,82,15088,81
2010-2011,Memphis Grizzlies,41,600687,18119,742879,14650.90244,80.9,41,16441,86.4,82,15546,83.65
2011-2012,Memphis Grizzlies,33,518256,18119,597927,15704.72727,86.7,33,17068,89.9,66,16386,88.3
2012-2013,Memphis Grizzlies,41,681613,18119,742879,16624.70732,91.8,41,17194,90,82,16909,90.9
2013-2014,Memphis Grizzlies,41,685458,18119,742879,16718.4878,92.3,41,17269,90.5,82,16994,91.4
2014-2015,Memphis Grizzlies,41,710502,18119,742879,17329.31707,95.6,41,18017,94.4,82,17673,95
2015-2016,Memphis Grizzlies,41,684603,18119,742879,16697.63415,92.2,41,17589,92.1,82,17143,92.15
2016-2017,Memphis Grizzlies,41,684603,18119,742879,16697.63415,92.2,41,17589,92.1,82,17143,92.15
2008-2009,Miami Heat,40,729178,19600,784000,18229.45,93,41,18150,93.7,81,18190,93.35
2009-2010,Miami Heat,41,726935,19600,803600,17730.12195,90.5,41,18040,93.8,82,17885,92.15
2010-2011,Miami Heat,41,810930,19600,803600,19778.78049,100.9,41,19447,100.9,82,19613,100.9
2011-2012,Miami Heat,33,657855,19600,646800,19935,101.7,33,19399,99.7,66,19667,100.7
2012-2013,Miami Heat,41,819290,19600,803600,19982.68293,102,41,19090,99.1,82,19536,100.55
2013-2014,Miami Heat,41,811036,19600,803600,19781.36585,100.9,41,19190,99.3,82,19486,100.1
2014-2015,Miami Heat,41,808223,19600,803600,19712.7561,100.6,41,17703,92,82,18708,96.3
2015-2016,Miami Heat,41,809350,19600,803600,19740.2439,100.7,41,18044,93.9,82,18892,97.3
2016-2017,Miami Heat,41,809350,19600,803600,19740.2439,100.7,41,18044,93.9,82,18892,97.3
2008-2009,Milwaukee Bucks,41,630976,18717,767397,15389.65854,82.2,41,16947,87.3,82,16168,84.75
2009-2010,Milwaukee Bucks,41,619453,18717,767397,15108.60976,80.7,41,16823,87.2,82,15966,83.95
2010-2011,Milwaukee Bucks,41,631910,18717,767397,15412.43902,82.3,41,16911,87.4,82,16162,84.85
2011-2012,Milwaukee Bucks,33,485717,18717,617661,14718.69697,78.6,33,16661,85.4,66,15690,82
2012-2013,Milwaukee Bucks,41,616469,18717,767397,15035.82927,80.3,41,16919,87.5,82,15977,83.9
2013-2014,Milwaukee Bucks,41,552967,18717,767397,13487,72.1,41,17013,87.7,82,15250,79.9
2014-2015,Milwaukee Bucks,41,611226,18717,767397,14907.95122,79.6,41,17180,88.8,82,16044,84.2
2015-2016,Milwaukee Bucks,41,621808,18717,767397,15166.04878,81,41,17623,91.4,82,16395,86.2
2016-2017,Milwaukee Bucks,41,621808,18717,767397,15166.04878,81,41,17623,91.4,82,16395,86.2
2008-2009,Minnesota Timberwolves,41,594743,19356,793596,14505.92683,74.9,40,16845,88.1,81,15675,81.5
2009-2010,Minnesota Timberwolves,41,619170,19356,793596,15101.70732,78,41,16112,84.8,82,15607,81.4
2010-2011,Minnesota Timberwolves,41,624960,19356,793596,15242.92683,78.8,41,16885,88.5,82,16064,83.65
2011-2012,Minnesota Timberwolves,33,577197,19356,638748,17490.81818,90.4,33,16310,86.6,66,16900,88.5
2012-2013,Minnesota Timberwolves,41,669956,19356,793596,16340.39024,84.4,41,17034,89.3,82,16687,86.85
2013-2014,Minnesota Timberwolves,41,597157,19356,793596,14564.80488,75.2,41,17605,92.1,82,16085,83.65
2014-2015,Minnesota Timberwolves,41,595652,19356,793596,14528.09756,75.1,41,18000,94.2,82,16264,84.65
2015-2016,Minnesota Timberwolves,41,581178,19356,793596,14175.07317,73.2,41,17831,94,82,16003,83.6
2016-2017,Minnesota Timberwolves,41,581178,19356,793596,14175.07317,73.2,41,17831,94,82,16003,83.6
2008-2009,New Orleans Pelicans,41,695727,16867,691547,16968.95122,98.7,40,17702,92.2,81,17335,95.45
2009-2010,New Orleans Pelicans,41,620366,16867,691547,15130.87805,88.5,41,17168,89.8,82,16149,89.15
2010-2011,New Orleans Pelicans,41,603088,16867,691547,14709.46341,86.1,41,17179,89.9,82,15944,88
2011-2012,New Orleans Pelicans,33,498618,16867,556611,15109.63636,88.4,33,16717,87.9,66,15913,88.15
2012-2013,New Orleans Pelicans,41,565930,16867,691547,13803.17073,80.3,41,17254,90.1,82,15529,85.2
2013-2014,New Orleans Pelicans,41,672029,16867,691547,16390.95122,95.4,41,17397,90.8,82,16894,93.1
2014-2015,New Orleans Pelicans,41,683757,16867,691547,16677,97,41,17640,92.1,82,17159,94.55
2015-2016,New Orleans Pelicans,41,688549,16867,691547,16793.87805,97.7,41,17851,93.6,82,17322,95.65
2016-2017,New Orleans Pelicans,41,688549,16867,691547,16793.87805,97.7,41,17851,93.6,82,17322,95.65
2008-2009,New York Knicks,41,790801,19812,812292,19287.82927,97.6,40,17729,91.7,81,18508,94.65
2009-2010,New York Knicks,41,799550,19812,812292,19501.21951,98.7,41,17315,90,82,18408,94.35
2010-2011,New York Knicks,41,808879,19812,812292,19728.7561,99.8,41,18044,93.9,82,18886,96.85
2011-2012,New York Knicks,33,652179,19812,653796,19763,100,33,18407,95.6,66,19085,97.8
2012-2013,New York Knicks,41,780353,19812,812292,19033,96.3,41,18271,94.6,82,18652,95.45
2013-2014,New York Knicks,41,812292,19812,812292,19812,100,41,17422,90.3,82,18617,95.15
2014-2015,New York Knicks,41,812292,19812,812292,19812,100,41,17462,90.7,82,18637,95.35
2015-2016,New York Knicks,41,812292,19812,812292,19812,100,41,18440,96,82,19126,98
2016-2017,New York Knicks,41,812292,19812,812292,19812,100,41,18440,96,82,19126,98
2008-2009,Oklahoma City Thunder,40,747732,18203,728120,18693.3,97.7,41,16679,87.2,81,17686,92.45
2009-2010,Oklahoma City Thunder,41,738149,18203,746323,18003.63415,98.9,41,16876,88.3,82,17440,93.6
2010-2011,Oklahoma City Thunder,41,744068,18203,746323,18148,99.7,41,17774,93.4,82,17961,96.55
2011-2012,Oklahoma City Thunder,33,600699,18203,600699,18203,100,33,18031,95.4,66,18117,97.7
2012-2013,Oklahoma City Thunder,41,746323,18203,746323,18203,100,41,18335,95.7,82,18269,97.85
2013-2014,Oklahoma City Thunder,41,746323,18203,746323,18203,100,41,18170,95.2,82,18187,97.6
2014-2015,Oklahoma City Thunder,41,746323,18203,746323,18203,100,41,17956,93.9,82,18080,96.95
2015-2016,Oklahoma City Thunder,41,746323,18203,746323,18203,100,41,18258,95.6,82,18231,97.8
2016-2017,Oklahoma City Thunder,41,746323,18203,746323,18203,100,41,18258,95.6,82,18231,97.8
2008-2009,Orlando Magic,41,698768,17283,708603,17043.12195,97.6,40,17900,92,81,17472,94.8
2009-2010,Orlando Magic,41,715901,17283,708603,17461,100,41,17838,92.2,82,17650,96.1
2010-2011,Orlando Magic,41,777852,18846,772686,18972,102.6,41,17428,90.5,82,18200,96.55
2011-2012,Orlando Magic,33,623587,18846,621918,18896.57576,102.1,33,17161,88.6,66,18029,95.35
2012-2013,Orlando Magic,41,721414,18846,772686,17595.46341,93.4,41,16821,86.8,82,17208,90.1
2013-2014,Orlando Magic,41,666046,18846,772686,16245.02439,86.2,41,16583,86.1,82,16414,86.15
2014-2015,Orlando Magic,41,688194,18846,772686,16785.21951,89.1,41,17585,91.2,82,17185,90.15
2015-2016,Orlando Magic,41,719275,18846,772686,17543.29268,93.1,41,17175,89.2,82,17359,91.15
2016-2017,Orlando Magic,41,719275,18846,772686,17543.29268,93.1,41,17175,89.2,82,17359,91.15
2008-2009,Philadelphia 76ers,41,647898,20238,829758,15802.39024,79.7,40,17358,89.5,81,16580,84.6
2009-2010,Philadelphia 76ers,41,583219,20238,829758,14224.85366,70,41,16889,88,82,15557,79
2010-2011,Philadelphia 76ers,41,604823,20238,829758,14751.78049,72.6,41,17155,89.5,82,15953,81.05
2011-2012,Philadelphia 76ers,33,577597,20238,667854,17502.93939,86.1,33,16764,86.8,66,17133,86.45
2012-2013,Philadelphia 76ers,41,685412,20238,829758,16717.36585,82.2,41,17323,90.2,82,17020,86.2
2013-2014,Philadelphia 76ers,41,568632,20238,829758,13869.07317,68.2,41,17441,90.5,82,15655,79.35
2014-2015,Philadelphia 76ers,41,571572,20238,829758,13940.78049,68.6,41,17665,91.8,82,15803,80.2
2015-2016,Philadelphia 76ers,41,610121,20238,829758,14881,73.2,41,17491,90.7,82,16186,81.95
2016-2017,Philadelphia 76ers,41,610121,20238,829758,14881,73.2,41,17491,90.7,82,16186,81.95
2008-2009,Phoenix Suns,41,755302,18422,755302,18422,100,41,18122,94.6,82,18272,97.3
2009-2010,Phoenix Suns,41,723582,18422,755302,17648.34146,95.8,41,17376,91.4,82,17512,93.6
2010-2011,Phoenix Suns,41,720249,18422,755302,17567.04878,95.4,41,17462,91.6,82,17515,93.5
2011-2012,Phoenix Suns,33,514718,18422,607926,15597.51515,84.7,33,17806,94.5,66,16702,89.6
2012-2013,Phoenix Suns,41,632913,18422,755302,15436.90244,83.8,41,17152,89.7,82,16294,86.75
2013-2014,Phoenix Suns,41,650739,18422,755302,15871.68293,86.2,41,17250,90.3,82,16561,88.25
2014-2015,Phoenix Suns,41,693862,18422,755302,16923.46341,91.9,41,17586,92.1,82,17255,92
2015-2016,Phoenix Suns,41,701405,18422,755302,17107.43902,92.9,41,16881,88.7,82,16994,90.8
2016-2017,Phoenix Suns,41,701405,18422,755302,17107.43902,92.9,41,16881,88.7,82,16994,90.8
2008-2009,Portland Trail Blazers,41,841499,19980,819180,20524.36585,102.7,40,17167,89.8,81,18846,96.25
2009-2010,Portland Trail Blazers,41,840411,19980,819180,20497.82927,102.6,41,16546,87.2,82,18522,94.9
2010-2011,Portland Trail Blazers,41,840924,19980,819180,20510.34146,102.7,41,16333,86,82,18422,94.35
2011-2012,Portland Trail Blazers,33,676384,19980,659340,20496.48485,102.6,33,17164,90.7,66,18830,96.65
2012-2013,Portland Trail Blazers,41,813012,19980,819180,19829.56098,95.4,41,16727,88,82,18278,91.7
2013-2014,Portland Trail Blazers,41,809612,19980,819180,19746.63415,95,41,17312,91.1,82,18529,93.05
2014-2015,Portland Trail Blazers,41,801733,19980,819180,19554.46341,94,41,17657,92.9,82,18606,93.45
2015-2016,Portland Trail Blazers,41,794085,19980,819180,19367.92683,99.6,41,17703,93.3,82,18535,96.45
2016-2017,Portland Trail Blazers,41,794085,19980,819180,19367.92683,99.6,41,17703,93.3,82,18535,96.45
2008-2009,Sacramento Kings,40,502852,17317,692680,12571.3,72.6,41,17227,89.8,81,14899,81.2
2009-2010,Sacramento Kings,41,543416,17317,709997,13254.04878,76.5,41,16973,88.9,82,15114,82.7
2010-2011,Sacramento Kings,41,569496,17317,709997,13890.14634,80.2,41,17400,91.2,82,15645,85.7
2011-2012,Sacramento Kings,33,478764,17317,571461,14508,83.8,33,16905,87.9,66,15707,85.85
2012-2013,Sacramento Kings,41,563743,17317,709997,13749.82927,79.4,41,17305,90.3,82,15527,84.85
2013-2014,Sacramento Kings,41,667949,17317,709997,16291.43902,94.1,41,16859,88,82,16575,91.05
2014-2015,Sacramento Kings,41,680049,17317,709997,16586.56098,95.8,41,17515,91.7,82,17051,93.75
2015-2016,Sacramento Kings,41,707526,17317,709997,17256.73171,99.7,41,17355,91,82,17306,95.35
2016-2017,Sacramento Kings,41,707526,17608,721928,17256.73171,99.7,41,17355,91,82,17306,95.35
2008-2009,San Antonio Spurs,41,749048,18418,755138,18269.46341,97.2,40,17626,92.3,81,17948,94.75
2009-2010,San Antonio Spurs,41,741676,18418,755138,18089.65854,97.4,41,17707,93.2,82,17898,95.3
2010-2011,San Antonio Spurs,41,750879,18418,755138,18314.12195,98.6,41,17389,91.1,82,17852,94.85
2011-2012,San Antonio Spurs,33,607095,18418,607794,18396.81818,99,33,16990,89.8,66,17693,94.4
2012-2013,San Antonio Spurs,41,755700,18418,755138,18431.70732,99.2,41,17290,90.6,82,17861,94.9
2013-2014,San Antonio Spurs,41,755031,18418,755138,18415.39024,99.1,41,17627,92.2,82,18021,95.65
2014-2015,San Antonio Spurs,41,762855,18418,755138,18606.21951,100.1,41,17972,94.1,82,18289,97.1
2015-2016,San Antonio Spurs,41,756445,18418,755138,18449.87805,99.3,41,17938,94.4,82,18194,96.85
2016-2017,San Antonio Spurs,41,756445,18418,755138,18449.87805,99.3,41,17938,94.4,82,18194,96.85
2008-2009,Toronto Raptors,41,769707,19800,811800,18773.34146,94.8,41,16785,87.1,82,17779,90.95
2009-2010,Toronto Raptors,41,733784,19800,811800,17897.17073,90.4,41,16466,85.9,82,17182,88.15
2010-2011,Toronto Raptors,41,679208,19800,811800,16566.04878,83.7,41,16855,91.9,82,16711,87.8
2011-2012,Toronto Raptors,33,555584,19800,653400,16835.87879,85,33,16732,86.3,66,16784,85.65
2012-2013,Toronto Raptors,41,743936,19800,811800,18144.78049,91.6,41,16313,84.8,82,17229,88.2
2013-2014,Toronto Raptors,41,748339,19800,811800,18252.17073,92.2,41,16702,86.8,82,17477,89.5
2014-2015,Toronto Raptors,41,809824,19800,811800,19751.80488,99.8,41,17522,90.9,82,18637,95.35
2015-2016,Toronto Raptors,41,812863,19800,811800,19825.92683,100.1,41,17162,89.2,82,18494,94.65
2016-2017,Toronto Raptors,41,812863,19800,811800,19825.92683,100.1,41,17162,89.2,82,18494,94.65
2008-2009,Utah Jazz,41,816042,18303,750423,19903.46341,100,41,17038,89.2,82,18471,94.6
2009-2010,Utah Jazz,41,794512,18303,750423,19378.34146,97.3,41,17095,89.9,82,18237,93.6
2010-2011,Utah Jazz,41,799982,18303,750423,19511.7561,98,41,17331,91.2,82,18421,94.6
2011-2012,Utah Jazz,33,637124,18303,603999,19306.78788,97,33,16929,89.8,66,18118,93.4
2012-2013,Utah Jazz,41,765915,18303,750423,18680.85366,93.8,41,16769,88.3,82,17725,91.05
2013-2014,Utah Jazz,41,745203,18303,750423,18175.68293,91.3,41,17295,90.6,82,17735,90.95
2014-2015,Utah Jazz,41,772059,18303,750423,18830.70732,94.6,41,17135,90,82,17983,92.3
2015-2016,Utah Jazz,41,791489,18303,750423,19304.60976,97,41,17378,91.6,82,18341,94.3
2016-2017,Utah Jazz,41,791489,18303,750423,19304.60976,97,41,17378,91.6,82,18341,94.3
2008-2009,Washington Wizards,41,681117,18277,749357,16612.60976,82.4,41,17157,88.7,82,16885,85.55
2009-2010,Washington Wizards,41,664398,18277,749357,16204.82927,80.3,41,16487,86.1,82,16346,83.2
2010-2011,Washington Wizards,41,688466,18277,749357,16791.85366,83.2,41,17192,89.2,82,16992,86.2
2011-2012,Washington Wizards,33,552038,18277,603141,16728.42424,82.9,33,16361,84.8,66,16545,83.85
2012-2013,Washington Wizards,41,670070,18277,749357,16343.17073,80.6,41,16193,84.1,82,16268,82.35
2013-2014,Washington Wizards,41,698068,18277,749357,17026.04878,84,41,17183,89.2,82,17105,86.6
2014-2015,Washington Wizards,41,747796,18277,749357,18238.92683,89.9,41,18253,95,82,18246,92.45
2015-2016,Washington Wizards,41,725426,18277,749357,17693.31707,87.3,41,17787,92.4,82,17740,89.85
2016-2017,Washington Wizards,41,725426,18277,749357,17693.31707,87.3,41,17787,92.4,82,17740,89.85
