Starting Year,Rank,Team,Home: Total Games,Home: Total Attendance,Home: Avg Attendance,Home: % Capactiy,Away: Total Games,Away: Total Attendance,Away: Avg Attendance,Away: % Capactiy,Total AVG,Total PCT
2016,1,Bulls,41,"894,659","21,820",104.3,41,"18,156",94.5,82,"19,988",99.4
2016,2,Cavaliers,41,"843,042","20,562",100,41,"18,910",98.2,82,"19,736",99.1
2016,3,Mavericks,41,"825,901","20,143",104.9,41,"17,727",93.4,82,"18,935",99.15
2016,4,Raptors,41,"812,863","19,825",100.1,41,"17,162",89.2,82,"18,494",94.65
2016,5,NY Knicks,41,"812,292","19,812",100,41,"18,440",96,82,"19,126",98
2016,6,Heat,41,"809,350","19,740",100.7,41,"18,044",93.9,82,"18,892",97.3
2016,7,Warriors,41,"803,436","19,596",100,41,"19,134",100.5,82,"19,365",100.25
2016,8,Trail Blazers,41,"794,085","19,367",99.6,41,"17,703",93.3,82,"18,535",96.45
2016,9,Jazz,41,"791,489","19,304",97,41,"17,378",91.6,82,"18,341",94.3
2016,10,Clippers,41,"786,910","19,192",100.7,41,"17,792",93.6,82,"18,492",97.15
2016,11,Lakers,41,"778,877","18,997",99.7,41,"19,149",100.9,82,"19,073",100.3
2016,12,Spurs,41,"756,445","18,449",99.3,41,"17,938",94.4,82,"18,194",96.85
2016,13,Celtics,41,"749,076","18,270",98.1,41,"17,439",90.5,82,"17,855",94.3
2016,14,Thunder,41,"746,323","18,203",100,41,"18,258",95.6,82,"18,231",97.8
2016,15,Rockets,41,"737,244","17,981",99.7,41,"17,740",93.3,82,"17,861",96.5
2016,16,Wizards,41,"725,426","17,693",87.3,41,"17,787",92.4,82,"17,740",89.85
2016,17,Magic,41,"719,275","17,543",93.1,41,"17,175",89.2,82,"17,359",91.15
2016,18,Hornets,41,"716,894","17,485",91.7,41,"17,784",92.4,82,"17,635",92.05
2016,19,Kings,41,"707,526","17,256",99.7,41,"17,355",91,82,"17,306",95.35
2016,20,Suns,41,"701,405","17,107",92.9,41,"16,881",88.7,82,"16,994",90.8
2016,21,Pacers,41,"690,733","16,847",92.7,41,"17,851",92.3,82,"17,349",92.5
2016,22,Hawks,41,"690,150","16,832",89.9,41,"17,611",91,82,"17,222",90.45
2016,23,Pelicans,41,"688,549","16,793",97.7,41,"17,851",93.6,82,"17,322",95.65
2016,24,Grizzlies,41,"684,603","16,697",92.2,41,"17,589",92.1,82,"17,143",92.15
2016,25,Pistons,41,"677,138","16,515",74.8,41,"17,814",93,82,"17,165",83.9
2016,26,Bucks,41,"621,808","15,166",81,41,"17,623",91.4,82,"16,395",86.2
2016,27,Nets,41,"620,142","15,125",83.6,41,"18,106",93.6,82,"16,616",88.6
2016,28,76ers,41,"610,121","14,881",73.2,41,"17,491",90.7,82,"16,186",81.95
2016,29,Timberwolves,41,"581,178","14,175",73.2,41,"17,831",94,82,"16,003",83.6
2016,30,Nuggets,41,"577,898","14,095",73.6,41,"17,751",93.2,82,"15,923",83.4
2015,1,Bulls,41,"894,659","21,820",104.3,41,"18,156",94.5,82,"19,988",99.4
2015,2,Cavaliers,41,"843,042","20,562",100,41,"18,910",98.2,82,"19,736",99.1
2015,3,Mavericks,41,"825,901","20,143",104.9,41,"17,727",93.4,82,"18,935",99.15
2015,4,Raptors,41,"812,863","19,825",100.1,41,"17,162",89.2,82,"18,494",94.65
2015,5,NY Knicks,41,"812,292","19,812",100,41,"18,440",96,82,"19,126",98
2015,6,Heat,41,"809,350","19,740",100.7,41,"18,044",93.9,82,"18,892",97.3
2015,7,Warriors,41,"803,436","19,596",100,41,"19,134",100.5,82,"19,365",100.25
2015,8,Trail Blazers,41,"794,085","19,367",99.6,41,"17,703",93.3,82,"18,535",96.45
2015,9,Jazz,41,"791,489","19,304",97,41,"17,378",91.6,82,"18,341",94.3
2015,10,Clippers,41,"786,910","19,192",100.7,41,"17,792",93.6,82,"18,492",97.15
2015,11,Lakers,41,"778,877","18,997",99.7,41,"19,149",100.9,82,"19,073",100.3
2015,12,Spurs,41,"756,445","18,449",99.3,41,"17,938",94.4,82,"18,194",96.85
2015,13,Celtics,41,"749,076","18,270",98.1,41,"17,439",90.5,82,"17,855",94.3
2015,14,Thunder,41,"746,323","18,203",100,41,"18,258",95.6,82,"18,231",97.8
2015,15,Rockets,41,"737,244","17,981",99.7,41,"17,740",93.3,82,"17,861",96.5
2015,16,Wizards,41,"725,426","17,693",87.3,41,"17,787",92.4,82,"17,740",89.85
2015,17,Magic,41,"719,275","17,543",93.1,41,"17,175",89.2,82,"17,359",91.15
2015,18,Hornets,41,"716,894","17,485",91.7,41,"17,784",92.4,82,"17,635",92.05
2015,19,Kings,41,"707,526","17,256",99.7,41,"17,355",91,82,"17,306",95.35
2015,20,Suns,41,"701,405","17,107",92.9,41,"16,881",88.7,82,"16,994",90.8
2015,21,Pacers,41,"690,733","16,847",92.7,41,"17,851",92.3,82,"17,349",92.5
2015,22,Hawks,41,"690,150","16,832",89.9,41,"17,611",91,82,"17,222",90.45
2015,23,Pelicans,41,"688,549","16,793",97.7,41,"17,851",93.6,82,"17,322",95.65
2015,24,Grizzlies,41,"684,603","16,697",92.2,41,"17,589",92.1,82,"17,143",92.15
2015,25,Pistons,41,"677,138","16,515",74.8,41,"17,814",93,82,"17,165",83.9
2015,26,Bucks,41,"621,808","15,166",81,41,"17,623",91.4,82,"16,395",86.2
2015,27,Nets,41,"620,142","15,125",83.6,41,"18,106",93.6,82,"16,616",88.6
2015,28,76ers,41,"610,121","14,881",73.2,41,"17,491",90.7,82,"16,186",81.95
2015,29,Timberwolves,41,"581,178","14,175",73.2,41,"17,831",94,82,"16,003",83.6
2015,30,Nuggets,41,"577,898","14,095",73.6,41,"17,751",93.2,82,"15,923",83.4
2014,1,Bulls,41,"875,091","21,343",102,41,"18,404",95.7,82,"19,874",98.85
2014,2,Cavaliers,41,"843,042","20,562",100,41,"18,915",98.3,82,"19,739",99.15
2014,3,Mavericks,41,"827,702","20,187",105.1,41,"17,653",92.7,82,"18,920",98.9
2014,4,NY Knicks,41,"812,292","19,812",100,41,"17,462",90.7,82,"18,637",95.35
2014,5,Raptors,41,"809,824","19,751",99.8,41,"17,522",90.9,82,"18,637",95.35
2014,6,Heat,41,"808,223","19,712",100.6,41,"17,703",92,82,"18,708",96.3
2014,7,Warriors,41,"803,436","19,596",100,41,"18,312",96.2,82,"18,954",98.1
2014,8,Trail Blazers,41,"801,733","19,554",94,41,"17,657",92.9,82,"18,606",93.45
2014,9,Clippers,41,"785,892","19,168",100.6,41,"18,079",94.7,82,"18,624",97.65
2014,10,Jazz,41,"772,059","18,830",94.6,41,"17,135",90,82,"17,983",92.3
2014,11,Lakers,41,"768,244","18,737",98.3,41,"17,875",93.6,82,"18,306",95.95
2014,12,Spurs,41,"762,855","18,606",100.1,41,"17,972",94.1,82,"18,289",97.1
2014,13,Wizards,41,"747,796","18,238",89.9,41,"18,253",95,82,"18,246",92.45
2014,14,Rockets,41,"747,412","18,229",101,41,"17,969",94,82,"18,099",97.5
2014,15,Thunder,41,"746,323","18,203",100,41,"17,956",93.9,82,"18,080",96.95
2014,16,Celtics,41,"721,350","17,593",94.5,41,"17,741",91.9,82,"17,667",93.2
2014,17,Hawks,41,"713,909","17,412",93,41,"17,582",90.8,82,"17,497",91.9
2014,18,Grizzlies,41,"710,502","17,329",95.6,41,"18,017",94.4,82,"17,673",95
2014,19,Hornets,41,"704,886","17,192",90.1,41,"17,654",91.1,82,"17,423",90.6
2014,20,Nets,41,"698,529","17,037",94.1,41,"18,039",92.9,82,"17,538",93.5
2014,21,Suns,41,"693,862","16,923",91.9,41,"17,586",92.1,82,"17,255",92
2014,22,Pacers,41,"691,434","16,864",92.8,41,"17,892",92.4,82,"17,378",92.6
2014,23,Magic,41,"688,194","16,785",89.1,41,"17,585",91.2,82,"17,185",90.15
2014,24,Pelicans,41,"683,757","16,677",97,41,"17,640",92.1,82,"17,159",94.55
2014,25,Kings,41,"680,049","16,586",95.8,41,"17,515",91.7,82,"17,051",93.75
2014,26,Pistons,41,"625,917","15,266",69.2,41,"17,866",93,82,"16,566",81.1
2014,27,Bucks,41,"611,226","14,907",79.6,41,"17,180",88.8,82,"16,044",84.2
2014,28,Nuggets,41,"602,707","14,700",76.7,41,"17,437",91.5,82,"16,069",84.1
2014,29,Timberwolves,41,"595,652","14,528",75.1,41,"18,000",94.2,82,"16,264",84.65
2014,30,76ers,41,"571,572","13,940",68.6,41,"17,665",91.8,82,"15,803",80.2
2013,1,Bulls,41,"890,370","21,716",103.8,41,"17,551",91.1,82,"19,634",97.45
2013,2,Mavericks,41,"817,982","19,950",103.9,41,"17,268",90.8,82,"18,609",97.35
2013,3,NY Knicks,41,"812,292","19,812",100,41,"17,422",90.3,82,"18,617",95.15
2013,4,Heat,41,"811,036","19,781",100.9,41,"19,190",99.3,82,"19,486",100.1
2013,5,Trail Blazers,41,"809,612","19,746",95,41,"17,312",91.1,82,"18,529",93.05
2013,6,Warriors,41,"803,436","19,596",100,41,"17,526",92,82,"18,561",96
2013,7,Clippers,41,"787,692","19,212",100.8,41,"17,218",90.4,82,"18,215",95.6
2013,8,Lakers,41,"771,974","18,828",98.8,41,"17,845",93.6,82,"18,337",96.2
2013,9,Spurs,41,"755,031","18,415",99.1,41,"17,627",92.2,82,"18,021",95.65
2013,10,Raptors,41,"748,339","18,252",92.2,41,"16,702",86.8,82,"17,477",89.5
2013,11,Thunder,41,"746,323","18,203",100,41,"18,170",95.2,82,"18,187",97.6
2013,12,Jazz,41,"745,203","18,175",91.3,41,"17,295",90.6,82,"17,735",90.95
2013,13,Rockets,41,"743,082","18,123",100.4,41,"17,427",91.1,82,"17,775",95.75
2013,14,Celtics,41,"742,400","18,107",97.2,41,"17,484",90.5,82,"17,796",93.85
2013,15,Pacers,41,"717,542","17,501",96.3,41,"17,872",92.5,82,"17,687",94.4
2013,16,Cavaliers,41,"710,522","17,329",84.3,41,"17,388",90.4,82,"17,359",87.35
2013,17,Nets,41,"707,331","17,251",95.3,41,"17,528",90.6,82,"17,390",92.95
2013,18,Wizards,41,"698,068","17,026",84,41,"17,183",89.2,82,"17,105",86.6
2013,19,Nuggets,41,"692,898","16,899",88.2,41,"17,211",90.3,82,"17,055",89.25
2013,20,Grizzlies,41,"685,458","16,718",92.3,41,"17,269",90.5,82,"16,994",91.4
2013,21,Pelicans,41,"672,029","16,390",95.4,41,"17,397",90.8,82,"16,894",93.1
2013,22,Kings,41,"667,949","16,291",94.1,41,"16,859",88,82,"16,575",91.05
2013,23,Magic,41,"666,046","16,245",86.2,41,"16,583",86.1,82,"16,414",86.15
2013,24,Suns,41,"650,739","15,871",86.2,41,"17,250",90.3,82,"16,561",88.25
2013,25,Hornets,41,"636,268","15,518",81.3,41,"17,026",88,82,"16,272",84.65
2013,26,Pistons,41,"615,238","15,005",68,41,"17,280",90.1,82,"16,143",79.05
2013,27,Timberwolves,41,"597,157","14,564",75.2,41,"17,605",92.1,82,"16,085",83.65
2013,28,Hawks,41,"587,927","14,339",76.6,41,"17,274",89.5,82,"15,807",83.05
2013,29,76ers,41,"568,632","13,869",68.2,41,"17,441",90.5,82,"15,655",79.35
2013,30,Bucks,41,"552,967","13,487",72.1,41,"17,013",87.7,82,"15,250",79.9
2012,1,Bulls,41,"896,944","21,876",104.6,41,"18,144",94.4,82,"20,010",99.5
2012,2,Mavericks,41,"821,490","20,036",104.4,41,"17,613",92.5,82,"18,825",98.45
2012,3,Heat,41,"819,290","19,982",102,41,"19,090",99.1,82,"19,536",100.55
2012,4,Trail Blazers,41,"813,012","19,829",95.4,41,"16,727",88,82,"18,278",91.7
2012,5,Warriors,41,"794,320","19,373",98.9,41,"17,204",90.5,82,"18,289",94.7
2012,6,Clippers,41,"788,293","19,226",100.9,41,"17,806",93.4,82,"18,516",97.15
2012,7,NY Knicks,41,"780,353","19,033",96.3,41,"18,271",94.6,82,"18,652",95.45
2012,8,Lakers,41,"778,877","18,997",99.7,41,"18,866",99,82,"18,932",99.35
2012,9,Jazz,41,"765,915","18,680",93.8,41,"16,769",88.3,82,"17,725",91.05
2012,10,Celtics,40,"744,960","18,624",100,41,"17,768",91.8,81,"18,196",95.9
2012,11,Spurs,41,"755,700","18,431",99.2,41,"17,290",90.6,82,"17,861",94.9
2012,12,Thunder,41,"746,323","18,203",100,41,"18,335",95.7,82,"18,269",97.85
2012,13,Raptors,41,"743,936","18,144",91.6,41,"16,313",84.8,82,"17,229",88.2
2012,14,Nuggets,41,"730,616","17,819",93,41,"17,401",91.1,82,"17,610",92.05
2012,15,Magic,41,"721,414","17,595",93.4,41,"16,821",86.8,82,"17,208",90.1
2012,16,Nets,41,"704,702","17,187",94.9,41,"17,239",89.1,82,"17,213",92
2012,17,76ers,41,"685,412","16,717",82.2,41,"17,323",90.2,82,"17,020",86.2
2012,18,Rockets,41,"683,564","16,672",92.4,41,"17,982",94,82,"17,327",93.2
2012,19,Grizzlies,41,"681,613","16,624",91.8,41,"17,194",90,82,"16,909",90.9
2012,20,Wizards,41,"670,070","16,343",80.6,41,"16,193",84.1,82,"16,268",82.35
2012,21,Timberwolves,41,"669,956","16,340",84.4,41,"17,034",89.3,82,"16,687",86.85
2012,22,Cavaliers,41,"663,882","16,192",78.7,41,"16,780",87.3,82,"16,486",83
2012,23,Suns,41,"632,913","15,436",83.8,41,"17,152",89.7,82,"16,294",86.75
2012,24,Hornets,41,"628,293","15,324",80.3,41,"16,502",85.6,82,"15,913",82.95
2012,25,Pacers,41,"626,069","15,269",84.1,40,"17,061",87.9,81,"16,165",86
2012,26,Hawks,41,"620,146","15,125",80.8,41,"17,165",89,82,"16,145",84.9
2012,27,Bucks,41,"616,469","15,035",80.3,41,"16,919",87.5,82,"15,977",83.9
2012,28,Pistons,41,"606,094","14,782",67,41,"16,885",87.9,82,"15,834",77.45
2012,29,Pelicans,41,"565,930","13,803",80.3,41,"17,254",90.1,82,"15,529",85.2
2012,30,Kings,41,"563,743","13,749",79.4,41,"17,305",90.3,82,"15,527",84.85
2011,1,Bulls,33,"731,326","22,161",105.9,33,"17,989",93.5,66,"20,075",99.7
2011,2,Trail Blazers,33,"676,384","20,496",102.6,33,"17,164",90.7,66,"18,830",96.65
2011,3,Mavericks,33,"671,050","20,334",105.9,33,"17,712",93,66,"19,023",99.45
2011,4,Heat,33,"657,855","19,935",101.7,33,"19,399",99.7,66,"19,667",100.7
2011,5,NY Knicks,33,"652,179","19,763",100,33,"18,407",95.6,66,"19,085",97.8
2011,6,Jazz,33,"637,124","19,306",97,33,"16,929",89.8,66,"18,118",93.4
2011,7,Clippers,33,"634,237","19,219",100.8,33,"18,342",96.8,66,"18,781",98.8
2011,8,Lakers,33,"626,901","18,997",99.7,33,"19,034",100.1,66,"19,016",99.9
2011,9,Magic,33,"623,587","18,896",102.1,33,"17,161",88.6,66,"18,029",95.35
2011,10,Warriors,33,"622,311","18,857",96.2,33,"16,364",86.1,66,"17,611",91.15
2011,11,Celtics,33,"614,592","18,624",100,33,"18,288",94.3,66,"18,456",97.15
2011,12,Spurs,33,"607,095","18,396",99,33,"16,990",89.8,66,"17,693",94.4
2011,13,Thunder,33,"600,699","18,203",100,33,"18,031",95.4,66,"18,117",97.7
2011,14,76ers,33,"577,597","17,502",86.1,33,"16,764",86.8,66,"17,133",86.45
2011,15,Timberwolves,33,"577,197","17,490",90.4,33,"16,310",86.6,66,"16,900",88.5
2011,16,Nuggets,33,"561,966","17,029",88.9,33,"17,228",91.1,66,"17,129",90
2011,17,Raptors,33,"555,584","16,835",85,33,"16,732",86.3,66,"16,784",85.65
2011,18,Wizards,33,"552,038","16,728",82.9,33,"16,361",84.8,66,"16,545",83.85
2011,19,Cavaliers,33,"525,577","15,926",77.5,33,"16,723",86.5,66,"16,325",82
2011,20,Grizzlies,33,"518,256","15,704",86.7,33,"17,068",89.9,66,"16,386",88.3
2011,21,Suns,33,"514,718","15,597",84.7,33,"17,806",94.5,66,"16,702",89.6
2011,22,Rockets,33,"506,994","15,363",85.1,33,"17,733",93.2,66,"16,548",89.15
2011,23,Hawks,33,"501,593","15,199",81.2,33,"16,820",87.1,66,"16,010",84.15
2011,24,Pelicans,33,"498,618","15,109",88.4,33,"16,717",87.9,66,"15,913",88.15
2011,25,Hornets,33,"486,984","14,757",77.4,33,"16,534",85.5,66,"15,646",81.45
2011,26,Bucks,33,"485,717","14,718",78.6,33,"16,661",85.4,66,"15,690",82
2011,27,Kings,33,"478,764","14,508",83.8,33,"16,905",87.9,66,"15,707",85.85
2011,28,Pistons,33,"475,638","14,413",65.3,33,"16,342",85.3,66,"15,378",75.3
2011,29,Pacers,33,"467,561","14,168",78,33,"16,597",85.9,66,"15,383",81.95
2011,30,Nets,33,"460,719","13,961",75.5,33,"17,081",87.9,66,"15,521",81.7
2010,1,Bulls,41,"893,462","21,791",104.2,41,"18,431",96.1,82,"20,111",100.15
2010,2,Trail Blazers,41,"840,924","20,510",102.7,41,"16,333",86,82,"18,422",94.35
2010,3,Cavaliers,41,"824,595","20,112",97.8,41,"16,200",84.1,82,"18,156",90.95
2010,4,Mavericks,41,"824,162","20,101",104.7,41,"16,657",87.7,82,"18,379",96.2
2010,5,Heat,41,"810,930","19,778",100.9,41,"19,447",100.9,82,"19,613",100.9
2010,6,NY Knicks,41,"808,879","19,728",99.8,41,"18,044",93.9,82,"18,886",96.85
2010,7,Jazz,41,"799,982","19,511",98,41,"17,331",91.2,82,"18,421",94.6
2010,8,Lakers,41,"778,877","18,997",99.7,41,"19,087",100.2,82,"19,042",99.95
2010,9,Magic,41,"777,852","18,972",102.6,41,"17,428",90.5,82,"18,200",96.55
2010,10,Warriors,41,"766,398","18,692",95.4,41,"17,049",89.6,82,"17,871",92.5
2010,11,Celtics,41,"763,584","18,624",100,41,"18,964",98,82,"18,794",99
2010,12,Spurs,41,"750,879","18,314",98.6,41,"17,389",91.1,82,"17,852",94.85
2010,13,Thunder,41,"744,068","18,148",99.7,41,"17,774",93.4,82,"17,961",96.55
2010,14,Clippers,41,"727,462","17,742",93.1,41,"17,614",92.7,82,"17,678",92.9
2010,15,Suns,41,"720,249","17,567",95.4,41,"17,462",91.6,82,"17,515",93.5
2010,16,Nuggets,41,"692,968","16,901",88.2,41,"17,285",90.8,82,"17,093",89.5
2010,17,Wizards,41,"688,466","16,791",83.2,41,"17,192",89.2,82,"16,992",86.2
2010,18,Pistons,41,"683,080","16,660",75.5,41,"16,732",87.5,82,"16,696",81.5
2010,19,Raptors,41,"679,208","16,566",83.7,41,"16,855",91.9,82,"16,711",87.8
2010,20,Rockets,41,"663,839","16,191",89.7,41,"16,943",88.9,82,"16,567",89.3
2010,21,Hornets,41,"649,694","15,846",83.1,41,"16,473",85.5,82,"16,160",84.3
2010,22,Hawks,41,"641,596","15,648",83.6,41,"16,957",87.9,82,"16,303",85.75
2010,23,Bucks,41,"631,910","15,412",82.3,41,"16,911",87.4,82,"16,162",84.85
2010,24,Timberwolves,41,"624,960","15,242",78.8,41,"16,885",88.5,82,"16,064",83.65
2010,25,76ers,41,"604,823","14,751",72.6,41,"17,155",89.5,82,"15,953",81.05
2010,26,Pelicans,41,"603,088","14,709",86.1,41,"17,179",89.9,82,"15,944",88
2010,27,Grizzlies,41,"600,687","14,650",80.9,41,"16,441",86.4,82,"15,546",83.65
2010,28,Nets,41,"581,378","14,179",80.6,41,"17,098",88.4,82,"15,639",84.5
2010,29,Kings,41,"569,496","13,890",80.2,41,"17,400",91.2,82,"15,645",85.7
2010,30,Pacers,41,"555,077","13,538",74.5,41,"16,844",87,82,"15,191",80.75
2009,1,Bulls,41,"849,760","20,725",99.1,41,"17,735",92.2,82,"19,230",95.65
2009,2,Cavaliers,41,"843,042","20,562",100,41,"19,200",100.2,82,"19,881",100.1
2009,3,Trail Blazers,41,"840,411","20,497",102.6,41,"16,546",87.2,82,"18,522",94.9
2009,4,Mavericks,41,"819,770","19,994",104.1,41,"17,129",90.2,82,"18,562",97.15
2009,5,NY Knicks,41,"799,550","19,501",98.7,41,"17,315",90,82,"18,408",94.35
2009,6,Jazz,41,"794,512","19,378",97.3,41,"17,095",89.9,82,"18,237",93.6
2009,7,Lakers,41,"778,877","18,997",99.7,41,"19,265",101.2,82,"19,131",100.45
2009,8,Pistons,41,"768,826","18,751",84.9,41,"17,104",89.4,82,"17,928",87.15
2009,9,Celtics,41,"744,961","18,169",97.6,41,"18,154",93.9,82,"18,162",95.75
2009,10,Spurs,41,"741,676","18,089",97.4,41,"17,707",93.2,82,"17,898",95.3
2009,11,Warriors,41,"739,120","18,027",92,41,"16,443",86.7,82,"17,235",89.35
2009,12,Thunder,41,"738,149","18,003",98.9,41,"16,876",88.3,82,"17,440",93.6
2009,13,Nuggets,41,"737,812","17,995",93.9,41,"17,446",91.9,82,"17,721",92.9
2009,14,Raptors,41,"733,784","17,897",90.4,41,"16,466",85.9,82,"17,182",88.15
2009,15,Heat,41,"726,935","17,730",90.5,41,"18,040",93.8,82,"17,885",92.15
2009,16,Suns,41,"723,582","17,648",95.8,41,"17,376",91.4,82,"17,512",93.6
2009,17,Magic,41,"715,901","17,461",100,41,"17,838",92.2,82,"17,650",96.1
2009,18,Hawks,41,"678,375","16,545",88.3,41,"17,097",88.5,82,"16,821",88.4
2009,19,Rockets,41,"677,658","16,528",91.6,41,"16,616",87.3,82,"16,572",89.45
2009,20,Clippers,41,"670,063","16,343",85.7,41,"16,225",85.3,82,"16,284",85.5
2009,21,Wizards,41,"664,398","16,204",80.3,41,"16,487",86.1,82,"16,346",83.2
2009,22,Hornets,41,"648,790","15,824",82.9,41,"16,256",84.7,82,"16,040",83.8
2009,23,Pelicans,41,"620,366","15,130",88.5,41,"17,168",89.8,82,"16,149",89.15
2009,24,Bucks,41,"619,453","15,108",80.7,41,"16,823",87.2,82,"15,966",83.95
2009,25,Timberwolves,41,"619,170","15,101",78,41,"16,112",84.8,82,"15,607",81.4
2009,26,76ers,41,"583,219","14,224",70,41,"16,889",88,82,"15,557",79
2009,27,Pacers,41,"582,295","14,202",78.2,41,"16,955",87.9,82,"15,579",83.05
2009,28,Grizzlies,41,"552,914","13,485",74.4,41,"16,691",87.6,82,"15,088",81
2009,29,Kings,41,"543,416","13,254",76.5,41,"16,973",88.9,82,"15,114",82.7
2009,30,Nets,41,"537,230","13,103",69.1,41,"16,446",85.4,82,"14,775",77.25
2008,1,Pistons,41,"896,971","21,877",99.1,41,"18,024",93.6,82,"19,951",96.35
2008,2,Bulls,40,"847,903","21,197",97.6,41,"17,558",93.6,81,"19,378",95.6
2008,3,Trail Blazers,41,"841,499","20,524",102.7,40,"17,167",89.8,81,"18,846",96.25
2008,4,Mavericks,41,"821,723","20,042",104.4,41,"17,102",89.6,82,"18,572",97
2008,5,Cavaliers,41,"820,439","20,010",97.3,41,"18,899",97.9,82,"19,455",97.6
2008,6,Jazz,41,"816,042","19,903",100,41,"17,038",89.2,82,"18,471",94.6
2008,7,NY Knicks,41,"790,801","19,287",97.6,40,"17,729",91.7,81,"18,508",94.65
2008,8,Lakers,41,"778,877","18,997",99.7,40,"19,268",100.8,81,"19,133",100.25
2008,9,Warriors,41,"776,660","18,942",96.7,41,"16,942",88.8,82,"17,942",92.75
2008,10,Raptors,41,"769,707","18,773",94.8,41,"16,785",87.1,82,"17,779",90.95
2008,11,Thunder,40,"747,732","18,693",97.7,41,"16,679",87.2,81,"17,686",92.45
2008,12,Celtics,41,"763,584","18,624",100,41,"18,975",98.2,82,"18,800",99.1
2008,13,Suns,41,"755,302","18,422",100,41,"18,122",94.6,82,"18,272",97.3
2008,14,Spurs,41,"749,048","18,269",97.2,40,"17,626",92.3,81,"17,948",94.75
2008,15,Heat,40,"729,178","18,229",93,41,"18,150",93.7,81,"18,190",93.35
2008,16,Rockets,40,"699,280","17,482",96.9,41,"17,589",91.7,81,"17,536",94.3
2008,17,Nuggets,41,"706,165","17,223",89.9,41,"17,227",90.2,82,"17,225",90.05
2008,18,Magic,41,"698,768","17,043",97.6,40,"17,900",92,81,"17,472",94.8
2008,19,Pelicans,41,"695,727","16,968",98.7,40,"17,702",92.2,81,"17,335",95.45
2008,20,Hawks,41,"686,688","16,748",89.4,41,"17,303",89.6,82,"17,026",89.5
2008,21,Wizards,41,"681,117","16,612",82.4,41,"17,157",88.7,82,"16,885",85.55
2008,22,Clippers,40,"646,830","16,170",84.8,41,"17,202",89.9,81,"16,686",87.35
2008,23,76ers,41,"647,898","15,802",79.7,40,"17,358",89.5,81,"16,580",84.6
2008,24,Bucks,41,"630,976","15,389",82.2,41,"16,947",87.3,82,"16,168",84.75
2008,25,Nets,41,"621,062","15,147",75.8,41,"17,586",91,82,"16,367",83.4
2008,26,Hornets,40,"581,049","14,526",76.3,41,"17,310",89.5,81,"15,918",82.9
2008,27,Timberwolves,41,"594,743","14,505",74.9,40,"16,845",88.1,81,"15,675",81.5
2008,28,Pacers,41,"581,472","14,182",78.1,41,"16,628",85.7,82,"15,405",81.9
2008,29,Grizzlies,40,"509,806","12,745",70.3,41,"17,101",89.3,81,"14,923",79.8
2008,30,Kings,40,"502,852","12,571",72.6,41,"17,227",89.8,81,"14,899",81.2
2007,1,Pistons,41,"905,116","22,076",100,41,"17,714",111.5,82,"19,895",105.75
2007,2,Bulls,41,"901,502","21,987",101.3,41,"17,353",106,82,"19,670",103.65
2007,3,Cavaliers,41,"839,074","20,465",99.5,41,"17,992",112.9,82,"19,229",106.2
2007,4,Mavericks,41,"831,738","20,286",--,41,"17,716",105.9,82,"19,001",105.9
2007,5,Jazz,41,"816,211","19,907",100,41,"17,215",112.9,82,"18,561",106.45
2007,6,Warriors,41,"804,864","19,630",100.2,41,"17,255",112.6,82,"18,443",106.4
2007,7,Trail Blazers,41,"801,566","19,550",97.8,41,"16,700",109.4,82,"18,125",103.6
2007,8,Heat,41,"798,004","19,463",99.3,41,"17,503",109.8,82,"18,483",104.55
2007,9,Raptors,41,"796,835","19,435",98.2,41,"16,653",103.6,82,"18,044",100.9
2007,10,NY Knicks,41,"783,739","19,115",99.1,41,"17,429",108.9,82,"18,272",104
2007,11,Lakers,41,"778,877","18,997",98.5,41,"18,671",118.5,82,"18,834",108.5
2007,12,Celtics,41,"763,584","18,624",100,41,"19,042",115.6,82,"18,833",107.8
2007,13,Spurs,41,"761,149","18,564",100.3,41,"17,954",113.9,82,"18,259",107.1
2007,14,Suns,41,"755,302","18,422",96.8,41,"18,046",114.7,82,"18,234",105.75
2007,15,Wizards,41,"736,461","17,962",--,41,"16,774",99.2,82,"17,368",99.2
2007,16,Rockets,41,"718,524","17,524",94.7,41,"17,527",114.5,82,"17,526",104.6
2007,17,Nuggets,41,"711,962","17,364",--,41,"18,115",111.1,82,"17,740",111.1
2007,18,Magic,41,"709,346","17,301",100.3,41,"17,540",108.4,82,"17,421",104.35
2007,19,Clippers,41,"692,408","16,888",--,41,"16,628",102.6,82,"16,758",102.6
2007,20,Hawks,41,"667,518","16,280",--,41,"16,853",99.5,82,"16,567",99.5
2007,21,Nets,41,"641,921","15,656",78.3,41,"17,610",107.3,82,"16,633",92.8
2007,22,Bucks,41,"639,421","15,595",83.3,41,"16,738",103.9,82,"16,167",93.6
2007,23,76ers,41,"609,675","14,870",72.7,41,"17,231",107.7,82,"16,051",90.2
2007,24,Hornets,41,"603,403","14,717",77.4,41,"17,294",107.9,82,"16,006",92.65
2007,25,Timberwolves,41,"593,537","14,476",76.2,41,"16,801",106.7,82,"15,639",91.45
2007,26,Pelicans,41,"581,432","14,181",82.4,41,"16,905",109.7,82,"15,543",96.05
2007,27,Kings,41,"580,181","14,150",81.7,41,"17,209",111.6,82,"15,680",96.65
2007,28,Thunder,41,"547,556","13,355",78.2,41,"17,158",108.2,82,"15,257",93.2
2007,29,Grizzlies,41,"523,578","12,770",69.4,41,"16,985",111,82,"14,878",90.2
2007,30,Pacers,41,"501,092","12,221",66.6,41,"17,217",103.9,82,"14,719",85.25
